{
    "employees": [
        {
            "name": "Aftab",
            "employeeId": 23,
            "regularHours": 0,
            "overtimeHours": 5,
            "vacationHours": 6
        },
        {
            "name": "Hasnain Moore",
            "employeeId": 12345,
            "regularHours": 0,
            "overtimeHours": 15,
            "vacationHours": 7
        },
        {
            "name": "Abraham Cooper",
            "employeeId": 12346,
            "regularHours": 2,
            "overtimeHours": 6,
            "vacationHours": 3
        },
        {
            "name": "Flynn Anthony",
            "employeeId": 12347,
            "regularHours": 40,
            "overtimeHours": 8,
            "vacationHours": 4
        },
        {
            "name": "Saad Mohammed",
            "employeeId": 1,
            "regularHours": 10,
            "overtimeHours": 5,
            "vacationHours": 6
        },

        {
            "name": "Alivia Forbes",
            "employeeId": 12348,
            "regularHours": 8,
            "overtimeHours": 9,
            "vacationHours": 8
        }
    ] 
}